{
  "ShowSendToMenu": true,
  "ShowOpenInNewWindow": true,
  "AppThemeSidebarBackgroundColor": "",
  "ShowGitLastCommitDateColumn": false,
  "ShowOpenInNewPane": true,
  "DateTimeFormat": 0,
  "NameColumnWidth": 240,
  "UseCompactStyles": true,
  "GitStatusColumnWidth": 80,
  "OpenItemsWithOneClick": false,
  "AppThemeBackgroundColor": "#00000000",
  "SelectFilesOnHover": false,
  "GitCommitAuthorColumnWidth": 140,
  "AppThemeFontFamily": "Segoe UI Variable",
  "DoubleClickToGoUp": true,
  "DefaultSortDirectoriesAlongsideFiles": false,
  "ShowNetworkDrivesSection": true,
  "ShowQuickAccessWidget": true,
  "ShowDateColumn": true,
  "IsSidebarOpen": true,
  "RestoreTabsOnStartup": false,
  "AppThemeAddressBarBackgroundColor": "",
  "ShowGitLastCommitShaColumn": false,
  "ShowFileExtensionWarning": true,
  "DefaultDirectorySortDirection": 0,
  "ShowGitLastCommitMessageColumn": false,
  "ColumnLayoutOpenFoldersWithOneClick": true,
  "AlwaysOpenDualPaneInNewTab": false,
  "ShowSyncStatusColumn": true,
  "DefaultLayoutMode": 0,
  "GitLastCommitMessageColumnWidth": 140,
  "Actions": null,
  "ContinueLastSessionOnStartUp": true,
  "ShowFavoritesSection": true,
  "TypeColumnWidth": 140,
  "ShowCheckboxesWhenSelectingItems": false,
  "ShowGitStatusColumn": false,
  "ShowOpenInNewTab": true,
  "ShowDrivesSection": true,
  "ShowSizeColumn": true,
  "ShowFileExtensions": true,
  "SyncStatusColumnWidth": 50,
  "DefaultGridViewSize": 160,
  "MoveShellExtensionsToSubMenu": true,
  "SidebarWidth": 255,
  "ShowTypeColumn": true,
  "GitLastCommitDateColumnWidth": 140,
  "SearchUnindexedItems": false,
  "DateModifiedColumnWidth": 200,
  "ShowProtectedSystemFiles": false,
  "ShowThumbnails": true,
  "ShowGitCommitAuthorColumn": false,
  "OpenSpecificPageOnStartup": false,
  "ShowHiddenItems": false,
  "ShowFileTagsWidget": false,
  "IsEnabled": false,
  "ShowDateDeletedColumn": true,
  "AreAlternateStreamsVisible": false,
  "LeaveAppRunning": true,
  "ShowDotFiles": true,
  "RecentFilesWidgetExpanded": true,
  "ShowRecentFilesWidget": true,
  "ShowDateCreatedColumn": false,
  "OpenNewTabOnStartup": false,
  "ShowFileTagColumn": true,
  "DateCreatedColumnWidth": 200,
  "ShowPathColumn": true,
  "DeleteConfirmationPolicy": 0,
  "DrivesWidgetExpanded": true,
  "SizeColumnWidth": 100,
  "TabsOnStartupList": null,
  "ShowFileTagsSection": true,
  "OpenFoldersInNewTab": false,
  "SyncFolderPreferencesAcrossDirectories": true,
  "AppThemeBackdropMaterial": 2,
  "CalculateFolderSizes": false,
  "DefaultSortOption": 0,
  "ShowOriginalPathColumn": true,
  "ShowCloudDrivesSection": true,
  "ShowWslSection": true,
  "ShowLibrarySection": false,
  "PathColumnWidth": 200,
  "DateDeletedColumnWidth": 200,
  "DefaultGroupByDateUnit": 0,
  "FoldersWidgetExpanded": true,
  "GitLastCommitShaColumnWidth": 80,
  "DefaultGroupOption": 0,
  "OriginalPathColumnWidth": 200,
  "ShowCompressionOptions": true,
  "ShowEditTagsMenu": true,
  "DefaultSortFilesFirst": false,
  "DefaultDirectoryGroupDirection": 0,
  "AppThemeFileAreaBackgroundColor": "",
  "TagColumnWidth": 140,
  "ShowDrivesWidget": true,
  "OpenTabInExistingInstance": true
}